C_Ronaldo_Agent,2018-02-28 23:39:13,What Lionel Messi said about Cristiano Ronaldo before the 2009 Champions League final - GiveMeSport #lionel https://t.co/46rzF5DqLn
PowerBroadcast,2018-02-28 13:48:02,"Lionel messi wallpaper wallpapers high quality
 https://t.co/hx0G8bNsop 
#lionel #messi #wallpaper #wallpapers #high #quality"
C_Ronaldo_Agent,2018-02-28 11:14:15,Football legend Pele settles the Cristiano Ronaldo and Lionel Messi ... - https://t.co/QqrKEIJU3t #lionel https://t.co/dt4Jnmv3s4
C_Ronaldo_Agent,2018-02-28 11:14:14,Football legend Pele settles the Cristiano Ronaldo and Lionel Messi ... - https://t.co/QqrKEIJU3t #lionel https://t.co/qsmhXyTdzr
LintasCoid,2018-02-28 03:49:43,#Lionel #Messi #Harus #Dilarang Main Oleh FIFA #Karena Dia #Bukan #Manusia!: Lionel Messi‚Ä¶ https://t.co/Lt8o2Johh3
barcanewsonly,2018-02-27 12:16:17,#M√©sQueUnClub #ViscaBarca #FCB #Messi #Lionel #LeoMessi #Messi10 Lionel Andres Messi: Fotografie Di Domenico Dolce‚Ä¶ https://t.co/Qtdsq1WvlZ
footy90com,2018-02-27 03:43:12,"Football News: 

#robert #bayern #lionel 
https://t.co/KyqbY4zT4Q"
LeoMessi_Agent,2018-02-26 13:35:06,Lionel Messi&amp;#039;s individual highlights vs Girona are glorious - GiveMeSport #lionel https://t.co/HL6VNsa06y
LeoMessi_Agent,2018-02-26 13:35:06,Lionel Messi&amp;#039;s individual highlights vs Girona are glorious - GiveMeSport #lionel https://t.co/HL6VNsrBv8
LeoMessi_Agent,2018-02-26 05:23:07,Barcelona news: Lionel Messi makes Cristiano Ronaldo admission ... - https://t.co/OXEs3xLzop #lionel https://t.co/JdHUaw2lug
footy90com,2018-02-26 00:12:19,"Lionel Messi's Ronaldinho-esque free kick surprised Barcelona
#GironaFC #LaLiga #lionel 
https://t.co/FCVzLVTkJM"
footy90com,2018-02-26 00:00:25,"Lionel Messi enjoys record-breaking day as Barcelona win
#FCBarcelona #LaLiga #lionel 
https://t.co/aush9dF8X2"
C_Ronaldo_Agent,2018-02-25 21:16:14,Barcelona news: Lionel Messi makes Cristiano Ronaldo admission ... - https://t.co/wJIPHbtge6 #lionel https://t.co/2ENgPay7f4
footy90com,2018-02-25 13:03:30,"Lionel Messi goals in the Champions League: The teams Barcelona man has failed to score against in Europe
#lionel‚Ä¶ https://t.co/vL33IsQ6Q3"
DergisiPlatform,2018-02-25 13:01:27,"#Lionel #Messi, #LaLiga da yine #tarih yazdi

https://t.co/2qML3msroH https://t.co/lqAS80cZki"
barcanewsonly,2018-02-25 12:16:05,#M√©sQueUnClub #ViscaBarca #FCB #Messi #Lionel #LeoMessi #Messi10 Lionel Messi Luis Suarez Barcelona FC Football Han‚Ä¶ https://t.co/zzhQDYE0d0
footy90com,2018-02-25 11:01:24,"Lionel Messi never fails to surprise us, says Barcelona coach
#FCBarcelona #LaLiga #lionel 
https://t.co/QY3w7iFkBS"
HotTuxfr,2018-02-25 08:52:07,"La playmate Iryna Ivanova fait grimper la temp√©rature avant Bar√ßa-Real https://t.co/yxEDxyOauU
 #Lionel Messi"
HotTuxfr,2018-02-25 00:52:00,"La playmate Iryna Ivanova fait grimper la temp√©rature avant Bar√ßa-Real https://t.co/yxEDxywz6k
 #Lionel Messi"
LtzurboiChris,2018-02-25 00:00:35,#G.O.A.T# Greates Of All Time #Lionel Messi‚ù§ https://t.co/LsFGtV7ONi
GoonzalezNacho,2018-02-24 22:47:05,El mejor el partido #Lionel Messi
mexnewz,2018-02-24 22:44:16,#Lionel es extraterrestre #BarcaGirona 6-1 en la #LaLiga #Messi https://t.co/K5TaAxPX8c
Tufairi,2018-02-24 22:28:38,"@MailSport Meanwhile, #Lionel #Messi has been RATED 11/10. WHY? 
‚ñ† ""This was an otherworldly display from the best‚Ä¶ https://t.co/fEzcGvrLlE"
Tufairi,2018-02-24 22:10:52,"@marca @pabloegea MEANWHILE, #Lionel #Messi was RATED 11/10. WHY? 
‚ñ† ""This was an otherworldly display from the bes‚Ä¶ https://t.co/U4DQXE5VA3"
footy90com,2018-02-24 22:05:56,"Lionel Messi: Barcelona star breaks two records against Girona, overtakes Real Madrid hero
#realmadrid #LaLiga‚Ä¶ https://t.co/WyYXeDhGrb"
Tufairi,2018-02-24 21:59:41,"#ADONBILIVIT! #Lionel #Messi RATED 11/10. WHY? 
‚ñ† ""This was an otherworldly display from the best player of all... https://t.co/MVtYSkeTy0"
Tufairi,2018-02-24 21:59:34,"#ADONBILIVIT! #Lionel #Messi RATED 11/10. WHY? 
‚ñ† ""This was an otherworldly display from the best player of all tim‚Ä¶ https://t.co/2tRV2oqSpJ"
h_jeeja,2018-02-24 21:57:15,Oh Messi #D10S #Lionelü§£ https://t.co/8BgFzu0eDY
HotTuxfr,2018-02-24 21:52:01,"La playmate Iryna Ivanova fait grimper la temp√©rature avant Bar√ßa-Real https://t.co/G4SVZwLaFT
 #Lionel Messi"
axadletm,2018-02-24 21:47:04,Latest post:#Lionel Messi Awoowgiisa dhanka hooyo oo ku Geeriyoodey Dalka Argentina By REPORTER -‚Ä¶ https://t.co/3Xg5jQOH6w
JavierBustosOk,2018-02-24 21:26:08,"La definici√≥n de lo que no es noticia: hizo un gol Messi.
#Lionel #LionelMessi #messi #BarcelonaSC"
ricmagarcia,2018-02-24 21:26:04,"Yo viv√≠ en la √©poca de Lionel Messi 

#messi #D10S #LionelMessi #Barca #lionel https://t.co/LS3pIkauRG"
RokerPark1963,2018-02-24 21:01:53,@AlexandraJonson He's quite simply "in a different sphere" to everyone else... üòÉüëè #Lionel Messi ‚öΩ
jhmarcano79,2018-02-24 20:53:15,RT @Jeancita: Este partido celestial de #Lionel #Messi es dedicado a su abuelito all√° arriba. QEPD. Gracias x estos ratitos de alegr√≠a que‚Ä¶
HotTuxfr,2018-02-24 20:52:07,"La playmate Iryna Ivanova fait grimper la temp√©rature avant Bar√ßa-Real https://t.co/yxEDxyOauU
 #Lionel Messi"
LaPelotaNSM_KO,2018-02-24 20:51:47,RT @Jeancita: Este partido celestial de #Lionel #Messi es dedicado a su abuelito all√° arriba. QEPD. Gracias x estos ratitos de alegr√≠a que‚Ä¶
Jeancita,2018-02-24 20:50:50,Este partido celestial de #Lionel #Messi es dedicado a su abuelito all√° arriba. QEPD. Gracias x estos ratitos de al‚Ä¶ https://t.co/5IwmMdnLKr
michaelguddah,2018-02-24 20:50:17,"RT @442stat: 45 Minutes
2 Goals
1 Assist

#Girona #Lionel  #Bar√ßaGirona #Messi #ForcaBarca #Barca #Barcelona #LaLiga #LaLigaSantander https‚Ä¶"
Enchutiasticone,2018-02-24 20:48:33,"RT @442stat: 45 Minutes
2 Goals
1 Assist

#Girona #Lionel  #Bar√ßaGirona #Messi #ForcaBarca #Barca #Barcelona #LaLiga #LaLigaSantander https‚Ä¶"
OkRockstar,2018-02-24 20:48:28,"#Lionel #Messi Un ateo no cree en dios, pero si cree en Messi."
clemabkJ,2018-02-24 20:45:20,"RT @442stat: 45 Minutes
2 Goals
1 Assist

#Girona #Lionel  #Bar√ßaGirona #Messi #ForcaBarca #Barca #Barcelona #LaLiga #LaLigaSantander https‚Ä¶"
SirTalal95,2018-02-24 20:44:40,"RT @442stat: 45 Minutes
2 Goals
1 Assist

#Girona #Lionel  #Bar√ßaGirona #Messi #ForcaBarca #Barca #Barcelona #LaLiga #LaLigaSantander https‚Ä¶"
442stat_RT,2018-02-24 20:44:27,"RT @442stat: 45 Minutes
2 Goals
1 Assist

#Girona #Lionel  #Bar√ßaGirona #Messi #ForcaBarca #Barca #Barcelona #LaLiga #LaLigaSantander https‚Ä¶"
the442stat,2018-02-24 20:44:12,"RT @442stat: 45 Minutes
2 Goals
1 Assist

#Girona #Lionel  #Bar√ßaGirona #Messi #ForcaBarca #Barca #Barcelona #LaLiga #LaLigaSantander https‚Ä¶"
nrdnfcb,2018-02-24 20:44:08,"RT @442stat: 45 Minutes
2 Goals
1 Assist

#Girona #Lionel  #Bar√ßaGirona #Messi #ForcaBarca #Barca #Barcelona #LaLiga #LaLigaSantander https‚Ä¶"
442stat,2018-02-24 20:43:44,"45 Minutes
2 Goals
1 Assist

#Girona #Lionel  #Bar√ßaGirona #Messi #ForcaBarca #Barca #Barcelona #LaLiga‚Ä¶ https://t.co/AzOeVNmAEG"
cacauencorfa,2018-02-24 20:41:49,Es el en√©simo momento de recordar esto.... ü§£ü§£ #Messi #Girona #Leo #D10S #lionel https://t.co/CLvu2F1bDV
Fahemmessi,2018-02-24 20:32:45,RT @LeoMessi_Agent: Neymar: PSG star tells Lionel Messi why Real Madrid will lose Champions League tie - https://t.co/OXEs3xLzop #lionel ht‚Ä¶
LeoMessi_Agent,2018-02-24 20:28:09,Neymar: PSG star tells Lionel Messi why Real Madrid will lose Champions League tie - https://t.co/OXEs3xLzop #lionel https://t.co/1lpUaiCqNb
GiancaCasla,2018-02-24 19:32:47,Disfrutando al mejor jugador del mundo #Lionel #Messi @LaLiga y es Argentino!!!
footy90com,2018-02-24 16:05:55,'Lionel Messi and Luis Suarez told me I was going to a historic club': Inter Milan midfielder Rafinha reveals stars‚Ä¶ https://t.co/QlN9nFbg74
Jd2Sports,2018-02-24 13:27:55,#Iago #Aspas demostrando que es un delantero con eficiencia y con capacidad estando en goles esta temporada casi a‚Ä¶ https://t.co/0ZHOCM6FC7
LeoMessi_Agent,2018-02-24 08:08:08,Man Utd transfer news: Lionel Messi urges Barcelona talks to ward off interest in star - Daily Star #lionel https://t.co/hu2LavKX8q
LeoMessi_Agent,2018-02-23 19:48:05,Guillem Balague&amp;#039;s Chelsea v Barcelona preview: Can Lionel Messi break his duck? - SkySports #lionel https://t.co/YkFVGx7ETp
YucatanEnVivoMX,2018-03-01 00:19:47,Auuuu ternurita/ Director t√©cnico de #Le√≥n le contesta a #Cristiano Ronaldo https://t.co/U7tRCBsfYI
ReporteroYuca,2018-03-01 00:19:47,Auuuu ternurita/ Director t√©cnico de #Le√≥n le contesta a #Cristiano Ronaldo https://t.co/TlnYDVytA9
erikaana,2018-02-28 23:54:11,RT @defcentral: ¬°AS√ç llam√≥ el rey Juan Carlos I a Cristiano Ronaldo! #Cristiano #CASAREAL https://t.co/9wXckR9H6Y https://t.co/IyZx3S0qTc
CyrilBot1,2018-02-28 23:51:15,RT @defcentral: ¬°AS√ç llam√≥ el rey Juan Carlos I a Cristiano Ronaldo! #Cristiano #CASAREAL https://t.co/9wXckR9H6Y https://t.co/IyZx3S0qTc
defcentral,2018-02-28 23:48:00,¬°AS√ç llam√≥ el rey Juan Carlos I a Cristiano Ronaldo! #Cristiano #CASAREAL https://t.co/9wXckR9H6Y https://t.co/IyZx3S0qTc
defcentral,2018-02-28 21:54:00,"¬øQu√© Audi es mejor, el de #Cristiano o el de #Messi ?https://t.co/oIOOYoiG0N https://t.co/RQ0wnp9ZPs"
taking92,2018-02-28 19:41:54,"G√•r in och spelar fotboll, det g√•r endast 2 minuter till motst√•ndarna kommer med kommentaren ""Du √§r som Cristiano R‚Ä¶ https://t.co/GI4K2wFfsC"
RealExplority,2018-02-28 17:10:35,Congratulations to #CR7 for the nomination to the Laureus Award 2018. We celebrate #Cristiano with our special Trib‚Ä¶ https://t.co/OWMiaogMG7
offshorebroker,2018-02-28 17:02:05,#Real Madrid to rest #Cristiano Ronaldo against #Espanyol | #Football News https://t.co/t94ix50Z93
gistfootballng,2018-02-28 16:59:26,"What d'you think of this  #Ronaldo fan?

#cr7 
#cristianoronaldo 
#cristiano 
#realmadrid‚Ä¶ https://t.co/rSVio223kA"
CyrilBot1,2018-02-28 16:51:09,"RT @gistfootballng: What d'you think of this  #Ronaldo fan?

#cr7 
#cristianoronaldo 
#cristiano 
#realmadrid‚Ä¶ https://t.co/dRjNkqb0Z1"
gistfootballng,2018-02-28 15:57:24,"What d'you think of this  #Ronaldo fan?

#cr7 
#cristianoronaldo 
#cristiano 
#realmadrid‚Ä¶ https://t.co/dRjNkqb0Z1"
menzie_boi,2018-02-28 15:55:13,RT @playr84992116: Did #CR7 deserve a #RedVelvet card for this #Challenge32 for #RealMadrid vs #atleticomadrid ? #Cristiano #Zidane #Ronald‚Ä¶
CyrilBot1,2018-02-28 15:51:20,RT @ZohaibR67730747: #Big_Fan_Of #Cristiano ronaldo https://t.co/fYwdSURTuS
ZohaibR67730747,2018-02-28 15:04:10,#Big_Fan_Of #Cristiano ronaldo https://t.co/fYwdSURTuS
ronaldo_force,2018-02-28 14:31:53,"New phone case of @Cristiano 
Like and comment on my recent and I will return
Follow @ronaldo_force for more 
#CR7‚Ä¶ https://t.co/YlkT8CuC7r"
CyrilBot1,2018-02-28 13:51:09,RT @playr84992116: Did #CR7 deserve a #RedVelvet card for this #Challenge32 for #RealMadrid vs #atleticomadrid ? #Cristiano #Zidane #Ronald‚Ä¶
hascr7corperat1,2018-02-28 13:40:24,RT @playr84992116: Did #CR7 deserve a #RedVelvet card for this #Challenge32 for #RealMadrid vs #atleticomadrid ? #Cristiano #Zidane #Ronald‚Ä¶
playr84992116,2018-02-28 13:37:48,Did #CR7 deserve a #RedVelvet card for this #Challenge32 for #RealMadrid vs #atleticomadrid ? #Cristiano #Zidane‚Ä¶ https://t.co/MpFErIpM9A
keenan0037,2018-02-28 13:34:53,"RT @realcr7fc: 2016 aftar wolfs burg match
#cristianoronaldo
#cristianoronaldo7 #messi
#cristiano #ronaldo #realmadrid
#Forca #Barca #fcbar‚Ä¶"
keenan0037,2018-02-28 13:34:35,"RT @realcr7fc: Cristiano silencing the hatersüî•
#cristianoronaldo
#cristianoronaldo7 #messi
#cristiano #ronaldo #madrid #realmadrid
#Forca #‚Ä¶"
keenan0037,2018-02-28 13:34:21,"RT @realcr7fc: Ronaldo vs levante
#cristianoronaldo
#cristianoronaldo7 #messi
#cristiano #ronaldo #madrid #realmadrid
#Forca #Barca #fcbarc‚Ä¶"
VictorMcIvan,2018-02-28 13:00:42,Cristiano Ronaldo: 19 goals in the last 11 Champions League games #cristiano https://t.co/4XHuTA32La - Learn More https://t.co/DefPk1Ahaq
CyrilBot1,2018-02-28 11:51:22,RT @zazoomnews: Cristiano Ronaldo o Messi? Parla Queiroz -  #Cristiano #Ronaldo #Messi? #Parla  https://t.co/uuDHLwlP3E
zazoomnews,2018-02-28 11:07:06,Cristiano Ronaldo o Messi? Parla Queiroz -  #Cristiano #Ronaldo #Messi? #Parla  https://t.co/uuDHLwlP3E
CyrilBot1,2018-02-28 08:51:09,"RT @TheCR7Coin: Happy 33rd birthday to @Cristiano Ronaldo. 
#cr7 #cristiano #33 #birthday"
FilzaCabs,2018-02-28 08:10:45,"RT @TheCR7Coin: Happy 33rd birthday to @Cristiano Ronaldo. 
#cr7 #cristiano #33 #birthday"
CyrilBot1,2018-02-28 07:51:06,"RT @FutFig: Cristiano Ronaldo #7 

Sipari≈ü Vermek ƒ∞√ßin DM atabilirsiniz.

#cristianoronaldo #cristiano‚Ä¶ https://t.co/bliUVr7QCt"
FutFig,2018-02-28 07:23:10,"Cristiano Ronaldo #7 

Sipari≈ü Vermek ƒ∞√ßin DM atabilirsiniz.

#cristianoronaldo #cristiano‚Ä¶ https://t.co/bliUVr7QCt"
CyrilBot1,2018-02-28 04:51:16,RT @onlineplatforms: #Real Madrid to rest #Cristiano Ronaldo against #Espanyol | #Football News https://t.co/WIxqJMpmfj
onlineplatforms,2018-02-28 04:01:09,#Real Madrid to rest #Cristiano Ronaldo against #Espanyol | #Football News https://t.co/WIxqJMpmfj
Bendze93,2018-02-27 20:53:38,RT @AngeNabil: Pas de #Cristiano machine Ronaldo pas de spectacle pas de buts pas de danger le jour o√π #CR7 quittera le r√©al madrid un s√©is‚Ä¶
footy90com,2018-02-21 01:04:32,"Gareth Bale to leave Real Madrid and is working on joining Premier League club
#realmadrid #LaLiga #gareth 
https://t.co/RhjeZAH2uC"
AngeNabil,2018-02-27 20:52:37,Pas de #Cristiano machine Ronaldo pas de spectacle pas de buts pas de danger le jour o√π #CR7 quittera le r√©al madri‚Ä¶ https://t.co/zjvdnmveNs
Maiga73532600,2018-02-27 20:38:17,"RT @MCNTV2: Breaking:Cristiano Ronaldo rested for the clash against espanyol 
#EspanyolRealMadrid #RCDE #RCDEspanyol #Cristiano #LaLiga #RM‚Ä¶"
Nijin_Koshy,2018-02-27 20:22:12,@TheAnthonyVelez @DareToZlaataan @FutballTweets MORE Influential?? Enlighten us please! üòÇüòÇ Please tell me whose IND‚Ä¶ https://t.co/QlKzuvfu6y
Nijin_Koshy,2018-02-27 20:11:54,"@TheAnthonyVelez @DareToZlaataan @FutballTweets 2 or 10 of his teammates, DOESN'T MATTER to our argument since the‚Ä¶ https://t.co/dlMhx5RuJ8"
Nijin_Koshy,2018-02-27 20:07:58,@TheAnthonyVelez @DareToZlaataan @FutballTweets The thing u call "lucky" is what makes #Cristiano #Ronaldo exceptio‚Ä¶ https://t.co/8qz5QWb2PL
Nijin_Koshy,2018-02-27 20:03:35,"@TheAnthonyVelez @DareToZlaataan @FutballTweets Unlike you, any #football knowing person with brain understands tha‚Ä¶ https://t.co/i22ZPIw2Dt"
yellfy,2018-02-27 20:03:23,.@Cristiano #RM #Real #Madrid's #Cristiano #Ronaldo tops Sky Sports #La #Liga Power Ra... https://t.co/qr2tdzwFqv https://t.co/wqsNTdeq5E
Mbaka_Ogonnaya,2018-02-27 19:02:03,Zidane has rested Cristiano Ronaldo in this game against Espanyol. Probably prompted by Neymar's injury. Precaution‚Ä¶ https://t.co/j4hCBVZwx7
Soykat238,2018-02-27 19:00:25,#Cristiano #Ronaldo #CristianoRonaldo #Syria  Message from Cristiano Ronaldo to Children of Syria. https://t.co/B1hY0XIzFt
TheSporTalk,2018-02-27 19:00:13,"I've won so many beautiful things that I don't have any more dreams. I never thought my career would be so great."‚Ä¶ https://t.co/MlgNeyQPIc
Nijin_Koshy,2018-02-27 18:58:23,"@DareToZlaataan @FutballTweets ""Facts"" will always look like ""dumb"" to brainless people! üòÇ But that's ok, it's UNDE‚Ä¶ https://t.co/6Xhwxm3mTA"
CyrilBot1,2018-02-27 18:51:15,"RT @Lucyano8191: Aquecimento do Real Madrid. Sem #Cristiano #Ronaldoüòè #Espanyol Vs #Real #Madrid, daqui a pouco 4:00 H.üî•üî•üî•üî• https://t.co/m0‚Ä¶"
Lucyano8191,2018-02-27 18:47:44,"Aquecimento do Real Madrid. Sem #Cristiano #Ronaldoüòè #Espanyol Vs #Real #Madrid, daqui a pouco 4:00 H.üî•üî•üî•üî• https://t.co/m0piIzKwie"
Nijin_Koshy,2018-02-27 17:58:03,@DareToZlaataan @FutballTweets If you consider "meaningless dribbles" (in a competitive #football match) with NO OU‚Ä¶ https://t.co/NnZ0Qc8Jw7
CyrilBot1,2018-02-27 17:51:07,"RT @MCNTV2: Breaking:Cristiano Ronaldo rested for the clash against espanyol 
#EspanyolRealMadrid #RCDE #RCDEspanyol #Cristiano #LaLiga #RM‚Ä¶"
MCNTV2,2018-02-27 17:50:32,"Breaking:Cristiano Ronaldo rested for the clash against espanyol 
#EspanyolRealMadrid #RCDE #RCDEspanyol #Cristiano‚Ä¶ https://t.co/IuLt0yQ5Sp"
Clicnscores,2018-02-27 17:15:18,Certains crieront √† la conspiration ! üò≤ #Cristiano #Ronaldo #Messi #ClicnScores https://t.co/BPCIpuVTT7
johnmarbella,2018-02-27 17:09:49,#PSG #RealMadrid #Ronaldo #neymarjr #ChampionsLeague #Cristiano #CR7 # https://t.co/1nh2Q5vty0
Fichajes_Addict,2018-02-27 16:58:24,Nuno Gomes: "Vi cosas en #Cristiano que tambi√©n vi en #Ronaldo" | https://t.co/BuVtggXZhP https://t.co/Z5GC1Z1NLq
Mundo_Interes_,2018-02-27 16:49:58,"AS√ç ES LA VIDA DE LUIS SUAREZ, UNA VIDA DE SUPERACI√ìN, CONOCE A SU HERMOSA FAMILIA Y COMO VIVE SU D√çA A D√çA
#psg‚Ä¶ https://t.co/ooNEttxF6A"
Mundo_Interes_,2018-02-27 16:49:57,"AS√ç ES LA VIDA DE LUIS SUAREZ, UNA VIDA DE SUPERACI√ìN, CONOCE A SU HERMOSA FAMILIA Y COMO VIVE SU D√çA A D√çA
#psg‚Ä¶ https://t.co/XjmZl3pvV0"
offshoretraders,2018-02-27 16:08:34,#Real Madrid to rest #Cristiano Ronaldo against #Espanyol | #Football News https://t.co/tg35Vdpfvd
offshorebroker,2018-02-27 16:08:34,#Real Madrid to rest #Cristiano Ronaldo against #Espanyol | #Football News https://t.co/TDIAv5qC3Z
CyrilBot1,2018-02-27 15:51:15,"RT @Betis64: #Cristiano: 'El #f√∫tbol de #Europa es mejor que el de #Brasil, #China y #M√©xico' https://t.co/2FUOwbXDgP @hoy_media #RealMadri‚Ä¶"
CyrilBot1,2018-02-27 15:51:07,RT @AmineKsassoua: Tel p√®re tel fils ‚öΩÔ∏èüëçüèΩ @Cristiano #cristiano #ronaldo #cristianoronaldojunior #football #realmadrid https://t.co/hAhop9g‚Ä¶
djhkordey,2018-02-27 15:48:19,RT @AmineKsassoua: Tel p√®re tel fils ‚öΩÔ∏èüëçüèΩ @Cristiano #cristiano #ronaldo #cristianoronaldojunior #football #realmadrid https://t.co/hAhop9g‚Ä¶
Betis64,2018-02-27 15:47:05,"#Cristiano: 'El #f√∫tbol de #Europa es mejor que el de #Brasil, #China y #M√©xico' https://t.co/2FUOwbXDgP @hoy_media‚Ä¶ https://t.co/G3neqs2o69"
YnsEss,2018-02-27 15:42:56,RT @CURVASUDMAGANA1: #Marca #Messi #Cristiano  #Mexico #Brazil #ACAB #ULTRAS #MAROC2026 #MOROCCO2026 #MAROC #MOROCCO #As #Ronaldo #RMC #esp‚Ä¶
CreativeeSergi,2018-02-27 14:24:37,"empezamos con el TORNEO! #fifa18 #cristiano #ronaldo
https://t.co/u3b0pgIadn"
VictorMcIvan,2018-02-27 13:01:34,"Why Ronaldo, Ramos &amp; Real don‚Äôt like Dani Alves #cristiano https://t.co/0KYwhG3tqN - üöÄ Grow your followers with https://t.co/2VqfBTba34"
CyrilBot1,2018-02-27 12:51:14,"RT @affan_ahmed11: Cristiano Ronaldo fan for life.
#Cristiano"
affan_ahmed11,2018-02-27 12:34:09,"Cristiano Ronaldo fan for life.
#Cristiano"
Anniewebbo,2018-02-27 12:28:27,RT @RJStewartArt: Print of this on its way to the South of France... #Ronaldo #Cristiano #CR7 @Cristiano ‚öΩÔ∏è ‚öΩÔ∏è ‚öΩÔ∏è #football #footballfamily‚Ä¶
futbolfactory,2018-02-27 12:19:01,"Hoy es martes, pero ¬°HAY LIGA!
.
#laliga #fcbarcelona #barcelona #atleticomadrid #messi #football #suarez #nike‚Ä¶ https://t.co/646m46NRw8"
CyrilBot1,2018-02-27 11:51:24,RT @CURVASUDMAGANA1: #Marca #Messi #Cristiano  #Mexico #Brazil #ACAB #ULTRAS #MAROC2026 #MOROCCO2026 #MAROC #MOROCCO #As #Ronaldo #RMC #esp‚Ä¶
CyrilBot1,2018-02-27 11:51:19,RT @CURVASUDMAGANA1: #Marca #Messi #Cristiano  #Mexico #Brazil #ACAB #ULTRAS #MAROC2026 #MOROCCO2026 #MAROC #MOROCCO #As #Ronaldo #RMC #esp‚Ä¶
fadili_y,2018-02-27 11:32:10,RT @CURVASUDMAGANA1: #Marca #Messi #Cristiano  #Mexico #Brazil #ACAB #ULTRAS #MAROC2026 #MOROCCO2026 #MAROC #MOROCCO #As #Ronaldo #RMC #esp‚Ä¶
fadili_y,2018-02-27 11:31:25,RT @CURVASUDMAGANA1: #Marca #Messi #Cristiano  #Mexico #Brazil #ACAB #ULTRAS #MAROC2026 #MOROCCO2026 #MAROC #MOROCCO #As #Ronaldo #RMC #esp‚Ä¶
mohamedElmessa3,2018-02-27 10:59:45,RT @CURVASUDMAGANA1: #Marca #Messi #Cristiano  #Mexico #Brazil #ACAB #ULTRAS #MAROC2026 #MOROCCO2026 #MAROC #MOROCCO #As #Ronaldo #RMC #esp‚Ä¶
CyrilBot1,2018-02-27 10:51:18,"RT @CojirouTentoo: „Éé„Éº„É´„ÉÉ„ÇØ„ÄÇÁõ∏Êâã„ÅØ„Éú„Éº„É´„ÅÆË°åÊñπ„Çí„É´„ÉÉ„ÇØ„Åô„Çã„ÄÇ

#NoLookPass #NoLook
#RMA #Rmadrid #Ronaldo #CR7 #CristianoRonaldo #Cristiano https://t.co/wRX22o‚Ä¶"
CyrilBot1,2018-02-27 10:51:10,RT @SNEAKERJEANS: Proud about worn by @cristiano Ronaldo our Stud Square Sweater #sneakerjeans #cristiano #cristianoronaldo #cr7 https://t.‚Ä¶
iloshaker22,2018-02-27 10:36:40,RT @SNEAKERJEANS: Proud about worn by @cristiano Ronaldo our Stud Square Sweater #sneakerjeans #cristiano #cristianoronaldo #cr7 https://t.‚Ä¶
CojirouTentoo,2018-02-27 10:32:07,"„Éé„Éº„É´„ÉÉ„ÇØ„ÄÇÁõ∏Êâã„ÅØ„Éú„Éº„É´„ÅÆË°åÊñπ„Çí„É´„ÉÉ„ÇØ„Åô„Çã„ÄÇ

#NoLookPass #NoLook
#RMA #Rmadrid #Ronaldo #CR7 #CristianoRonaldo #Cristiano https://t.co/wRX22o41Xb"
VictorMcIvan,2018-02-27 10:00:22,Cristiano Ronaldo Manchester United transfer return hinges on major condition being met #cristiano‚Ä¶ https://t.co/FDaOJ86FMS
CyrilBot1,2018-02-27 09:51:06,"RT @PowerBroadcast: cristiano ronaldo wallpaper wallpaper desktop background
 https://t.co/S7gCVzLCLY 
#cristiano #ronaldo #wallpaper #wall‚Ä¶"
PowerBroadcast,2018-02-27 09:48:01,"cristiano ronaldo wallpaper wallpaper desktop background
 https://t.co/S7gCVzLCLY 
#cristiano #ronaldo #wallpaper #wallpaper #de"
CGTNOfficial,2018-03-01 02:15:00,#Neymar to undergo surgery in #Brazil this week to repair a broken bone in his right foot https://t.co/1n8fKf5tm7
chihiro86673578,2018-03-01 02:14:27,"RT @FootballTribeJP: PSG„ÄÅ„Éç„Ç§„Éû„Éº„É´„ÅåÊâãË°ì„ÇíÂèó„Åë„Çã„Åì„Å®„ÇíÊ≠£ÂºèÁô∫Ë°®„ÄÇ„Éñ„É©„Ç∏„É´„Å´Â∏∞ÂõΩ„ÅóÊ≤ªÁôÇ„Å´Â∞ÇÂøµ
https://t.co/0kbMSbMAWZ

#PSG #Neymar"
karimlissassi,2018-03-01 02:14:04,RT @Paristeamfr: #Neymar s'inspire des meilleurs... #PSG https://t.co/arKyVOfpeF
Paris_Newz,2018-03-01 02:13:52,&amp;lt;span class='hlsh'&amp;gt;Paris&amp;lt;/span&amp;gt; Saint-Germain will beat Real Madrid without #Neymar - club chief‚Ä¶ https://t.co/JbVaCIRhXm
nagiteru15,2018-03-01 02:12:11,"RT @FootballTribeJP: PSG„ÄÅ„Éç„Ç§„Éû„Éº„É´„ÅåÊâãË°ì„ÇíÂèó„Åë„Çã„Åì„Å®„ÇíÊ≠£ÂºèÁô∫Ë°®„ÄÇ„Éñ„É©„Ç∏„É´„Å´Â∏∞ÂõΩ„ÅóÊ≤ªÁôÇ„Å´Â∞ÇÂøµ
https://t.co/0kbMSbMAWZ

#PSG #Neymar"
Pablo_M_Presa,2018-03-01 02:11:47,"RT @DEPORSALPSA: #F√öTBOLP.. PSG 3x0 MARSELLA..
SIN LOS EGO√çSTAS #MBAPPE Y #NEYMAR.. 
HAY JUEGO COLECTIVO 
GRAN PASE DE VERRATTI 
BIEN BAJAD‚Ä¶"
ActuDirectSport,2018-03-01 02:10:30,Le PSG croit en l'exploit face au Real Madrid sans Neymar https://t.co/Fn8edgEZkI #Football #Neymar https://t.co/peLvF0xOg3
Yoshi7_official,2018-03-01 02:08:52,"RT @FootballTribeJP: PSG„ÄÅ„Éç„Ç§„Éû„Éº„É´„ÅåÊâãË°ì„ÇíÂèó„Åë„Çã„Åì„Å®„ÇíÊ≠£ÂºèÁô∫Ë°®„ÄÇ„Éñ„É©„Ç∏„É´„Å´Â∏∞ÂõΩ„ÅóÊ≤ªÁôÇ„Å´Â∞ÇÂøµ
https://t.co/0kbMSbMAWZ

#PSG #Neymar"
LactuDuSport,2018-03-01 02:07:22,"#Neymar, la mise au point d‚ÄôAl-Khela√Øfi https://t.co/26eUjBwkO4 https://t.co/j92qbKvFJz"
IfNb9,2018-03-01 02:06:28,RT @JOE_co_uk: Barcelona weren't ready for PSG's plan B... #Neymar https://t.co/IfFIrWBDru
LQ7official,2018-03-01 02:06:06,Confirmado #neymar ser√° sometido a una operaci√≥n y se perder√° el partido de vuelta en la #uefachampionsleague contr‚Ä¶ https://t.co/DUtIExEpRB
marlencogollo,2018-03-01 02:03:45,Sentir que fuiste y seras lo mejor que le pudo haber pasado #neymar ‚ù§‚ù§‚ù§
HugoCaric,2018-03-01 02:03:28,RT @442: #Brasil #PSG Agradecimientos y una reflexi√≥n: el mensaje de #Neymar tras confirmarse su operaci√≥n https://t.co/D79UNrFady
FootballTribeJP,2018-03-01 02:03:00,"PSG„ÄÅ„Éç„Ç§„Éû„Éº„É´„ÅåÊâãË°ì„ÇíÂèó„Åë„Çã„Åì„Å®„ÇíÊ≠£ÂºèÁô∫Ë°®„ÄÇ„Éñ„É©„Ç∏„É´„Å´Â∏∞ÂõΩ„ÅóÊ≤ªÁôÇ„Å´Â∞ÇÂøµ
https://t.co/0kbMSbMAWZ

#PSG #Neymar"
vestisporta,2018-03-01 01:58:56,–ù–µ–π–º–∞—Ä—É –ø–æ—Ç—Ä–µ–±–æ–≤–∞–ª–∞—Å—å –æ–ø–µ—Ä–∞—Ü–∏—è #Neymar #PSG #—Ç—Ä–∞–≤–º–∞ #–ü–°–ñ #–ù–µ–π–º–∞—Ä #—Ñ—É—Ç–±–æ–ª https://t.co/1bMznZbmLL https://t.co/JW104XkTmj
LactuDuSport,2018-03-01 01:58:17,"PSG : #Neymar sera absent 'au moins six semaines', selon son p√®re https://t.co/UTePcfSbUO"
Am_iine,2018-03-01 01:56:51,RT @Nabil_djellit: Vraiment la grande classe #Neymar et son p√®re. Ils ont accept√© de rester jusqu'au match du #Real... Quelle sacrifice ! #‚Ä¶
Mundele93290,2018-03-01 01:56:50,RT @parisunited6: #Neymar privil√©giait une op√©ration en France afin de pouvoir soutenir ses co√©quipiers mardi face au Real.
Ninoderio,2018-03-01 01:56:35,RT @Nabil_djellit: Vraiment la grande classe #Neymar et son p√®re. Ils ont accept√© de rester jusqu'au match du #Real... Quelle sacrifice ! #‚Ä¶
IESportsRadio,2018-03-01 01:55:31,"Next Up:FRI 3/2 11amPST/2pmEST #TheSoccerScoreboardShow with @Gabe_Montoya13 &amp; @skywalker42811!
#RealMadrid‚Ä¶ https://t.co/TJyDq0xktz"
ezeqpo,2018-03-01 01:55:09,RT @JOE_co_uk: Barcelona weren't ready for PSG's plan B... #Neymar https://t.co/IfFIrWBDru
balisticgg,2018-03-01 01:53:48,RT @parisunited6: #Neymar privil√©giait une op√©ration en France afin de pouvoir soutenir ses co√©quipiers mardi face au Real.
javiersosa1970,2018-03-01 01:52:32,"RT @DTVTotal: Confirmado por @PSG_inside
#Neymar ser√° operado el fin de semana en #Brasil https://t.co/voj2A3PyCJ"
Pereeez10,2018-03-01 01:51:34,RT @Paristeamfr: #Neymar s'inspire des meilleurs... #PSG https://t.co/arKyVOfpeF
jeyshea_stl,2018-03-01 01:50:43,"Coupe de France: sans #Neymar, le PSG s'adjuge l'Acte III du 'clasico' et va en demies - L'Express https://t.co/fQGcKdANeL"
marifthomaz,2018-03-01 01:50:07,"Hj eu to igual ao @neymarjr ""Obst√°culos n√£o devem te impedir. Se voc√™ encontrar uma parede, n√£o desista. Descubra c‚Ä¶ https://t.co/hjckfvfiVI"
eddiesantiagomr,2018-03-01 01:49:41,"RT @golsportec: ¬°LAMENTABLE!
#Neymar ser√° operado este fin de semana en #Brasil y es baja confirmada para el partido de vuelta ante #RealMa‚Ä¶"
Rino_MT,2018-03-01 01:49:11,RT @Rafazz69: For√ßa #Neymar
PSG24hours,2018-03-01 01:48:47,"RT @RunActus: Bless√© au pied
#Neymar ""sera op√©r√© en fin de semaine au Br√©sil"" selon le #PSG
 https://t.co/hiC1OoddS5"
Luccas_Duartt15,2018-03-01 01:48:41,#Neymar  Ney pulando fora do barquinho pra nao levar culpa caso PSG seja eliminado. PSG vai vim com tudo e vai elim‚Ä¶ https://t.co/OiadMjvo8v
RunActus,2018-03-01 01:46:21,"Bless√© au pied
#Neymar ""sera op√©r√© en fin de semaine au Br√©sil"" selon le #PSG
 https://t.co/hiC1OoddS5"
JdNyemb,2018-03-01 01:44:02,"RT @GuillaumeTC: Et si... ?
#Neymar #PSG #CroisonsLes https://t.co/QlijVZJI4a"
Rafazz69,2018-03-01 01:43:33,For√ßa #Neymar
Ahmed_othy,2018-03-01 01:42:47,"RT @BrazilStat: According to OPTA, #Neymar is alongside Eden Hazard the player who has created most goal-scoring chances (23) in the Champi‚Ä¶"
ipreunion,2018-03-01 01:41:54,"Bless√© au pied
#Neymar ""sera op√©r√© en fin de semaine au Br√©sil"" selon le #PSG
 https://t.co/LU26W6gUfd"
sejacampeones,2018-03-01 01:41:42,"PSG confirma que @neymarjr ser√° operado por m√©dico da CBF neste final de semana, no Brasil. Saiba mais em nosso sit‚Ä¶ https://t.co/wr8FJwe66s"
Paristeamfr,2018-03-01 01:40:32,#Neymar s'inspire des meilleurs... #PSG https://t.co/arKyVOfpeF
ducamp_david,2018-03-01 01:38:12,"RT @elou_sarr: Quand on a le luxe de pouvoir remplacer #Neymar par #DiMaria, il faut le capitaliser par une qualification. Le banc est four‚Ä¶"
wanessago2016,2018-03-01 01:37:14,@radio98live #Neymar por aqui Arnica e #BrunaMarquezine
AntiMan71,2018-03-01 01:36:49,#Neymar √© t√£o fominha que at√© les√£o ele arranja sozinho.
wanessago2016,2018-03-01 01:35:36,#Neymar em Bh com o melhor #RodrigoLasmar eitaaaaa
cesargalvan387,2018-03-01 01:33:35,RT @442: El #PSG y el m√©dico de la selecci√≥n brasile√±a tomaron la decisi√≥n y #Neymar ser√° operado en #Brasil. Qu√© dijo su padre https://t.c‚Ä¶
poomoderation,2018-03-01 01:33:15,"PQP S√ì SE FALA DE #NEYMAR?
T√Å ENCHENDO O SACO JAH
TOMARA Q O @selecao  TMB NAO GANHA A COPA ESSE ANO
TUDO MALA TUDO LIXO E S√ì $$$"
LactuDuSport,2018-03-01 01:31:48,"PSG, le m√™me tarif sans #Neymar https://t.co/0tVCF9tJWj https://t.co/79bFYZNX21"
andres_dnobrega,2018-03-01 01:29:26,RT @TMT30: #ATENCI√ìN #Neymar ser√° baja "seis semanas como m√≠nimo". El atacante estrella del PSG y de la selecci√≥n brasile√±a sufre una lesi√≥‚Ä¶
elou_sarr,2018-03-01 01:28:43,"Quand on a le luxe de pouvoir remplacer #Neymar par #DiMaria, il faut le capitaliser par une qualification. Le banc‚Ä¶ https://t.co/4UQCS6ulrh"
But_FC,2018-03-01 01:28:17,#Neymar est d√©pit√© | https://t.co/AM3u4D7jQP https://t.co/ulDte3xttz
CHSena11,2018-03-01 01:26:58,A globo ta enchendo tanto o saco com essa cirurgia do #Neymar q √© bem capaz de transmitirem no Premiere com a narra√ß√£o do Galv√£o
monikaug22,2018-03-01 01:25:16,RT @442: #Brasil #PSG Agradecimientos y una reflexi√≥n: el mensaje de #Neymar tras confirmarse su operaci√≥n https://t.co/D79UNrFady
BoufendiN,2018-03-01 01:25:15,"RT @SFR_Sport: La blessure de #Neymar, les derni√®res infos sur #PSGOM, Pascal Olmeta au üìû, le projet d'organiser un All Star Game en #PL...‚Ä¶"
fabien512512,2018-03-01 01:25:13,"RT @mimimatic: #Neymar part se faire op√©rer au #Br√©sil ?
Un discr√©dit pour nos chirurgiens?
Non,il part dans le pays o√π les gens l‚Äôaiment,a‚Ä¶"
C_Ronaldo_Agent,2018-02-28 03:02:13,Steven Gerrard&amp;#039;s brutal advice to Wayne Rooney following THAT ... - https://t.co/QqrKEIJU3t #wayne https://t.co/UKWctYI0Em
hetflixdotcom,2018-02-27 08:06:11,#Wayne #Rooney #celebration #woman #explains #Jeremy #McConnell s ‚Äòmanhood following ‚Äòone night stand: Wayne Rooney‚Ä¶ https://t.co/fQTaBtU0PA
hetflixdotcom,2018-02-26 06:04:36,#Wayne #Rooney #celebration #woman #delighted in ‚Äò#night of #passion with Jeremy McConnell: #Celebrity Big Brother‚Ä¶ https://t.co/T5G0pzSUdm
footy90com,2018-02-23 01:03:30,"Wayne Rooney names the two former Manchester United players who had a major impact on his development
#ManUtd‚Ä¶ https://t.co/vNQ7xPu5FJ"
footy90com,2018-02-22 21:54:12,"Wayne Rooney reveals the two Man United players who helped his career
#united #wayne #rooney 
https://t.co/kbNSYjUNXU"
footy90com,2018-02-22 15:53:20,"Wayne Rooney: Pressure at Everton better than money in China
#rooney #wayne #pressure 
https://t.co/H3Scm4QKUd"
footy90com,2018-02-22 14:40:09,"Wayne Rooney on why he turned down lucrative offers to rejoin Everton from Man United
#rooney #from #wayne 
https://t.co/1jgD9n9w9x"
BetnisTR,2018-02-27 06:58:00,"G√ºnaydƒ±n Betnis Ailesi 

Futbolun yaramaz √ßocuƒüu Mario Balotelli ƒ∞ngiltere'deki futbol oynadƒ±ƒüƒ± ya≈üamƒ± boyunca yakl‚Ä¶ https://t.co/G9VAI4pJie"
footy90com,2018-02-20 11:24:47,"Anti-racism group reports abuse of Mario Balotelli at Dijon to police
#balotelli #mario #dijon 
https://t.co/bo11uduzvQ"
toxicmob1,2018-02-20 02:27:08,Mario Balotelli's #stunning ex-fianc√©e Fanny Neguesha now dating Gabonese footballer #Mario Lemina (Photos) https://t.co/GQvY9HJTHS
GsportsPe,2018-02-28 15:45:29,"#UniversitariodeDeportes traer√° al 'crack' italiano, #Andrea Pirlo, para jugar un partido amistoso contra Deportivo‚Ä¶ https://t.co/B04pdpgGHo"
axadletm,2018-02-28 23:29:54,"Latest post:#Gareth Bale Waxaa uu ku Faraaxsan yahay Real Madrid, sida waxaa yiri tababaraha Wales Ryan Giggs By RE‚Ä¶ https://t.co/rZn8Za5nLP"
PsicoVisual,2018-02-28 01:30:20,PERFIL PSICOL√ìGICO DE #GARETH #BALE | #PSICOLOGIA https://t.co/LwXytB8GsM https://t.co/IeBGOrgVPE
footy90com,2018-02-27 21:15:33,"Football News: 

#espanyol #with #gareth 
https://t.co/rCSLLDepfF"
footy90com,2018-02-27 20:33:07,"Football News: 

#bale #gareth #their 
https://t.co/khX3edQdjr"
kosedag_erdem,2018-02-27 20:22:30,#gareth #bale https://t.co/myk2vsRpd6
NilmarJnr1,2018-02-27 13:21:34,"@realmadriden @GarethBale11 @DaniCarvajal92 #Gareth Bale i love u,because you are not envy like C.R.7"
footy90com,2018-02-26 05:35:44,"Gareth Bale handed Real Madrid lifeline as Manchester City prepare ¬£132m Marco Asensio bid
#realmadrid #LaLiga‚Ä¶ https://t.co/et0W5ia8cy"
PsicoVisual,2018-02-26 01:30:06,PERFIL PSICOL√ìGICO DE #GARETH #BALE | #PSICOLOGIA https://t.co/LwXytB8GsM https://t.co/YtfwpGOYcG
des_Ahmed11,2018-02-25 20:37:00,"Gareth Baleüòéüëåüî•üî• @GarethBale11 
@realmadridarab
#designer #des #des_ahmed11#Garethbale #bale #gareth  #ahmedyounis‚Ä¶ https://t.co/Us1wSC90nL"
OkResumenSports,2018-02-24 19:22:49,"#Destacados
As√≠ gana el Madrid https://t.co/vWAzpDFNpy 
Por Federico Schnaider 
#cristiano-ronaldo #deportivo-alave‚Ä¶ https://t.co/4noa1OtB38"
gistfootballng,2018-02-24 17:28:04,#realmadrid back to flying ways as #cr7 netted two goals in between a #Gareth #Bale #goal and a‚Ä¶ https://t.co/2p6gFt1akn
PsicoVisual,2018-02-24 01:30:13,PERFIL PSICOL√ìGICO DE #GARETH #BALE | #PSICOLOGIA https://t.co/LwXytB8GsM https://t.co/Hal2ys5rHv
footy90com,2018-02-23 19:35:41,"Gareth Bale will 'always be important' to Real Madrid - Zidane
#realmadrid #LaLiga #gareth 
https://t.co/mnNgqdUHkM"
footy90com,2018-02-23 18:41:20,"Gareth Bale will 'always be important' to Real Madrid - Zidane
#gareth #bale #will 
https://t.co/xiGEKl91M3"
footy90com,2018-02-23 16:34:51,"Gareth Bale 'will always be important' to Real Madrid, says Zinedine Zidane, despite suggestions he could leave‚Ä¶ https://t.co/g5qsygcWqK"
footy90com,2018-02-23 01:04:34,"Gareth Bale seems to be running out of time at Real Madrid
#realmadrid #LaLiga #gareth 
https://t.co/M1gNyDK4mN"
footy90com,2018-02-22 17:04:47,"Gareth Bale 'digging his grave' at Real Madrid‚Ä¶ Sergio Ramos is not impressed
#realmadrid #LaLiga #gareth 
https://t.co/RNbywbKB8d"
PowerBroadcast,2018-02-22 05:00:00,"gareth bale wallpaper
 https://t.co/9w56L8yYxR 
#gareth #bale #wallpaper,"
PsicoVisual,2018-02-22 01:30:10,PERFIL PSICOL√ìGICO DE #GARETH #BALE | #PSICOLOGIA https://t.co/LwXytB8GsM https://t.co/vzIznPeWE8
betintTV,2018-02-20 10:25:07,Real Madrid forward Gareth Bale has reportedly signalled his agent to look into a fresh challenge elsewhere during‚Ä¶ https://t.co/xFGzJQ4rvL
PsicoVisual,2018-02-20 01:30:26,PERFIL PSICOL√ìGICO DE #GARETH #BALE | #PSICOLOGIA https://t.co/LwXytB8GsM https://t.co/F34tSD94pu
footy90com,2018-02-28 23:58:07,"üî• Football News: 

#lewandowski #robert #madrid 
‚ôªÔ∏è Retweet to let you friends know!
https://t.co/OfMXXPYmim"
kosedag_erdem,2018-02-28 11:31:10,#robert #Lewandowski https://t.co/OVn1IJVv9F
footy90com,2018-02-27 03:43:12,"Football News: 

#robert #bayern #lionel 
https://t.co/KyqbY4zT4Q"
footy90com,2018-02-26 21:33:46,"Football News: 

#bayern #munich #robert 
https://t.co/uubqDvP8FA"
footy90com,2018-02-26 21:18:42,"Football News: 

#lewandowski #robert #exbayern 
https://t.co/ntxibMbB4L"
footy90com,2018-02-26 17:09:05,"Football News: 

#lewandowski #robert #bayern 
https://t.co/OezNPw9B99"
footy90com,2018-02-26 07:19:04,"Bayern Munich record-breaker Robert Lewandowski on brink of landmark and new Bundesliga best
#bayern #recordbreaker‚Ä¶ https://t.co/Enme5g0pIK"
footy90com,2018-02-26 06:48:03,"Bayern Munich record-breaker Robert Lewandowski on brink of landmark and new Bundesliga best
#bayern #recordbreaker‚Ä¶ https://t.co/3THkXRT2Qr"
McgavinFooty,2018-02-26 02:48:35,#Robert Lewandowski happy at Bayern Munich as PSG continue to be linked  https://t.co/GCoABeUI4G #sports
realmadrid__fa,2018-02-24 12:00:04,Real Madrid want Robert Lewandowski in #robert https://t.co/Tdxs2Jjk3c
bayermunich_fan,2018-02-24 07:55:16,Real Madrid want Robert Lewandowski in #robert https://t.co/1VGDBTCIxg
footy90com,2018-02-24 03:26:03,"Bayern Munich record-breaker Robert Lewandowski on brink of landmark and new Bundesliga best
#bayern #robert‚Ä¶ https://t.co/eD3R7SSAak"
footy90com,2018-02-23 19:40:16,"Robert Lewandowski‚Äôs potential ‚Ç¨150million move to Real Madrid
#robert #star #real 
https://t.co/SQoekkAYBM"
footy90com,2018-02-23 19:00:07,"Robert Lewandowski will stay at Bayern after agent change - Heynckes
#FCBayern #Bundesliga #robert 
https://t.co/F5ze2HmS6k"
footy90com,2018-02-23 14:16:07,"Robert Lewandowski will stay at Bayern after agent change - Heynckes
#agent #champions #robert 
https://t.co/b8EHdQOWT2"
footy90com,2018-02-23 14:00:10,"Robert Lewandowski goals: How the Bayern Munich striker compares to Europe's other scorers
#FCBayern #Bundesliga‚Ä¶ https://t.co/4yuDqnBxYJ"
footy90com,2018-02-23 12:39:41,"Robert Lewandowski goals: How the Bayern Munich striker compares to Europe's other scorers
#robert #lewandowski‚Ä¶ https://t.co/2Vn52GaFI5"
footy90com,2018-02-23 11:10:17,"Robert Lewandowski to Liverpool: Bayern Munich deal could happen after huge development
#LCF #Premier_League‚Ä¶ https://t.co/y8p94UaJ1z"
footy90com,2018-02-22 19:04:44,"Robert Lewandowski splits from agent amid Real Madrid links - sources
#realmadrid #LaLiga #robert 
https://t.co/lLTSEbVZRw"
footy90com,2018-02-22 16:46:06,"Bayern Munich's Robert Lewandowski splits from agent - sources
#lewandowski #bayern #robert 
https://t.co/LkmwB4ees3"
footy90com,2018-02-22 14:30:04,Robert Lewandowski joins forces with Pini Zahavi after dropping his agent of 10 years to put PSG and Barca on alert‚Ä¶ https://t.co/w4VQLbRxWM
footy90com,2018-02-22 03:29:03,"Bayern Munich's Robert Lewandowski enters Champions League all-time top 10 scorers
#bayern #robert #lewandowski 
https://t.co/CfAIZ57Bkn"
footy90com,2018-02-20 03:01:02,"Robert Lewandowski: The Making of a Modern-Day Goal Machine
#FCBayern #Bundesliga #robert 
https://t.co/zexJBhzS0w"
footy90com,2018-02-19 21:04:05,"Robert Lewandowski confirms Real Madrid transfer interest
#realmadrid #LaLiga #robert 
https://t.co/7w0K6vGAP5"
footy90com,2018-02-19 21:00:10,"Robert Lewandowski insists he is happy at Bayern Munich and is not thinking about Real Madrid transfer
#FCBayern‚Ä¶ https://t.co/Cz1lYR8a4q"
footy90com,2018-02-19 19:07:59,"Robert Lewandowski not thinking about Real Madrid interest as he focuses on job at Bayern Munich
#herthaberlin‚Ä¶ https://t.co/MixsznmD3i"
footy90com,2018-02-19 15:32:54,Robert Lewandowski not thinking about Real Madrid interest and says he has to focus on job at Bayern Munich‚Ä¶ https://t.co/8iLabGoHU3
